,tweet_id,retweet_count,favorite_count,retweet_status
0, 892177421306343426,6514,33819,original tweet
1, 891689557279858688,8964,42908,original tweet
2, 891087950875897856,3261,20562,original tweet
3, 890729181411237888,16716,56848,original tweet
4, 890240255349198849,7711,32467,original tweet
5, 889880896479866881,5156,28268,original tweet
6, 889638837579907072,4735,27672,original tweet
7, 889278841981685760,5637,25652,original tweet
8, 888804989199671297,4559,26080,original tweet
9, 888078434458587136,3653,22201,original tweet
10, 887517139158093824,12082,46959,original tweet
11, 887343217045368832,10737,34222,original tweet
12, 886983233522544640,8084,35859,original tweet
13, 886680336477933568,4610,22798,original tweet
14, 886267009285017600,4,117,original tweet
16, 885528943205470208,6683,36689,original tweet
18, 884925521741709313,16439,68152,original tweet
19, 884562892145688576,5100,24765,original tweet
20, 884247878851493888,72181,229185,original tweet
21, 883838122936631299,3586,22349,original tweet
22, 883360690899218434,3825,22986,original tweet
23, 882992080364220416,4122,24445,original tweet
24, 882627270321602560,6342,28382,original tweet
25, 882045870035918850,5203,29900,original tweet
26, 881666595344535552,11099,51522,original tweet
27, 881536004380872706,16570,50199,original tweet
28, 880935762899988482,2886,17346,original tweet
29, 880465832366813184,6546,29075,original tweet
30, 880095782870896641,4533,28150,original tweet
31, 879674319642796034,10,315,original tweet
32, 879415818425184262,45849,107956,original tweet
34, 879008229531029506,2812,19317,original tweet
35, 878604707211726852,163,804,original tweet
37, 878057613040115712,7181,42876,original tweet
39, 877316821321428993,5414,27907,original tweet
40, 876838120628539392,3506,21125,original tweet
41, 876484053909872640,2511,19163,original tweet
42, 875747767867523072,4497,25773,original tweet
43, 875097192612077568,30825,80189,original tweet
44, 874680097055178752,4875,28439,original tweet
45, 874296783580663808,4308,26651,original tweet
46, 874012996292530176,11007,35501,original tweet
47, 873580283840344065,4143,24837,original tweet
48, 873213775632977920,1667,7467,original tweet
49, 872820683541237760,3884,15029,original tweet
50, 872620804844003328,3911,21309,original tweet
51, 872261713294495745,6649,35085,original tweet
52, 871879754684805121,11918,39090,original tweet
53, 871515927908634625,3628,20730,original tweet
54, 871102520638267392,11988,27321,original tweet
55, 870804317367881728,6393,33791,original tweet
56, 870656317836468226,2817,12819,original tweet
57, 870308999962521604,4384,22453,original tweet
59, 869702957897576449,6728,29116,original tweet
60, 869227993411051520,4023,21112,original tweet
62, 868552278524837888,2240,10539,original tweet
63, 867774946302451713,7788,35179,original tweet
66, 866686824827068416,3727,20070,original tweet
67, 866334964761202691,15546,54720,original tweet
68, 865718153858494464,6008,26640,original tweet
69, 865006731092295680,8209,29063,original tweet
70, 864279568663928832,3266,15195,original tweet
71, 863907417377173506,4441,21477,original tweet
73, 863427515083354112,105,2363,original tweet
74, 863062471531167744,2687,8945,original tweet
75, 862722525377298433,3809,17779,original tweet
76, 862096992088072192,21840,66437,original tweet
77, 861383897657036800,11528,37744,original tweet
78, 861005113778896900,4119,17538,original tweet
80, 860524505164394496,5698,24678,original tweet
81, 860184849394610176,6295,17474,original tweet
82, 859924526012018688,4349,20021,original tweet
83, 859607811541651456,1704,19476,original tweet
84, 859074603037188101,14740,35553,original tweet
85, 858843525470990336,3771,16304,original tweet
86, 858107933456039936,3154,16524,original tweet
87, 857746408056729600,11524,36021,original tweet
88, 857263160327368704,4934,21041,original tweet
91, 856526610513747968,2068,12446,original tweet
92, 856288084350160898,17,545,original tweet
93, 855862651834028034,27,320,original tweet
94, 855857698524602368,275,3250,original tweet
95, 855818117272018944,3405,16620,original tweet
97, 854732716440526848,6690,24188,original tweet
98, 854365224396361728,5159,20046,original tweet
99, 854010172552949760,3433,17169,original tweet
100, 853639147608842240,11265,37198,original tweet
102, 852672615818899456,2388,15939,original tweet
103, 852311364735569921,10961,35325,original tweet
104, 852189679701164033,1741,12217,original tweet
106, 851464819735769094,7855,25944,original tweet
107, 850753642995093505,10352,33348,original tweet
108, 850333567704068097,367,3647,original tweet
109, 850019790995546112,5459,21944,original tweet
111, 849336543269576704,2101,12240,original tweet
112, 848690551926992896,4826,27104,original tweet
113, 848213670039564288,832,8834,original tweet
115, 847962785489326080,5730,25296,original tweet
116, 847617282490613760,468,7558,original tweet
117, 847251039262605312,4800,22036,original tweet
118, 847116187444137987,3583,23108,original tweet
119, 846514051647705089,13076,48410,original tweet
120, 846153765933735936,10226,34394,original tweet
121, 846042936437604353,3224,17256,original tweet
122, 845677943972139009,5365,27154,original tweet
123, 845397057150107648,2072,8241,original tweet
125, 844973813909606400,3617,16361,original tweet
126, 844580511645339650,3533,17871,original tweet
127, 843981021012017153,3285,16327,original tweet
128, 843604394117681152,3081,18310,original tweet
130, 842765311967449089,1439,7321,original tweet
131, 842163532590374912,6568,26569,original tweet
133, 841439858740625411,4168,13755,original tweet
134, 841314665196081154,5312,17305,original tweet
136, 840698636975636481,3,197,original tweet
137, 840632337062862849,1972,9761,original tweet
138, 840268004936019968,6497,20950,original tweet
139, 839549326359670784,8805,29957,original tweet
140, 839239871831150596,7422,29684,original tweet
141, 838921590096166913,2357,12183,original tweet
143, 838476387338051585,5484,24664,original tweet
144, 838150277551247360,370,1824,original tweet
145, 838083903487373313,3582,19183,original tweet
146, 837482249356513284,495,4204,original tweet
147, 837366284874571778,6005,23074,original tweet
149, 836753516572119041,5237,21029,original tweet
151, 836380477523124226,3337,16037,original tweet
152, 836001077879255040,4935,20924,original tweet
153, 835574547218894849,4121,19447,original tweet
155, 835264098648616962,1939,8503,original tweet
156, 835172783151792128,6516,28552,original tweet
157, 834931633769889797,1878,11838,original tweet
158, 834574053763584002,2882,14993,original tweet
159, 834458053273591808,1899,10512,original tweet
160, 834167344700198914,4130,17194,original tweet
161, 834086379323871233,2512,14296,original tweet
162, 833826103416520705,3904,16728,original tweet
163, 833722901757046785,3636,22585,original tweet
164, 833124694597443584,5513,22133,original tweet
166, 832682457690300417,2256,4072,original tweet
167, 832636094638288896,3220,17379,original tweet
168, 832369877331693569,3652,18792,original tweet
170, 832088576586297345,3,72,original tweet
171, 832032802820481025,4746,13887,original tweet
172, 831926988323639298,39,369,original tweet
173, 831670449226514432,2059,11469,original tweet
174, 831552930092285952,2632,9872,original tweet
175, 831315979191906304,1264,7117,original tweet
176, 831262627380748289,2350,13066,original tweet
177, 830583320585068544,19297,73397,original tweet
178, 830097400375152640,3455,10804,original tweet
179, 829861396166877184,2243,13441,original tweet
180, 829449946868879360,2329,11519,original tweet
181, 829141528400556032,8530,26952,original tweet
183, 828708714936930305,12882,40241,original tweet
184, 828409743546925057,1305,6898,original tweet
185, 828381636999917570,2554,13864,original tweet
186, 828372645993398273,3344,13756,original tweet
187, 828046555563323392,3260,12923,original tweet
188, 827933404142436356,5987,22180,original tweet
189, 827600520311402496,1082,8143,original tweet
191, 826958653328592898,5757,23767,original tweet
193, 826598365270007810,2709,11117,original tweet
194, 826240494070030336,2965,14614,original tweet
195, 826115272272650244,3599,17299,original tweet
196, 825829644528148480,2848,14025,original tweet
197, 825147591692263424,5244,20181,original tweet
198, 825026590719483904,1483,7020,original tweet
199, 824775126675836928,4069,16508,original tweet
200, 824325613288833024,11848,12999,original tweet
201, 824025158776213504,2551,9049,original tweet
203, 823581115634085888,3031,14376,original tweet
204, 823322678127919110,4637,17437,original tweet
205, 822975315408461824,3958,19139,original tweet
206, 822859134160621569,2622,14576,original tweet
207, 822610361945911296,3423,16327,original tweet
208, 822462944365645825,17209,31800,original tweet
211, 821522889702862852,2030,8871,original tweet
212, 821407182352777218,5053,13075,original tweet
213, 821149554670182400,2320,9718,original tweet
214, 821044531881721856,2636,14021,original tweet
215, 820749716845686786,11525,34984,original tweet
217, 820314633777061888,648,3706,original tweet
219, 819924195358416896,5607,14305,original tweet
220, 819588359383371776,2271,10606,original tweet
221, 819238181065359361,462,2550,original tweet
223, 819006400881917954,21794,49960,original tweet
225, 818614493328580609,2982,10971,original tweet
226, 818536468981415936,2873,12127,original tweet
227, 818259473185828864,2621,12197,original tweet
228, 817908911860748288,919,4241,original tweet
229, 817777686764523521,3084,11901,original tweet
231, 817415592588222464,1131,6267,original tweet
232, 817171292965273600,2326,9690,original tweet
233, 817056546584727552,1927,9517,original tweet
234, 816816676327063552,2361,11071,original tweet
235, 816450570814898180,9366,33961,original tweet
236, 816091915477250048,2500,9927,original tweet
238, 815966073409433600,9907,25057,original tweet
239, 815736392542261248,2625,10937,original tweet
240, 815390420867969024,4407,11467,original tweet
241, 814638523311648768,3130,12511,original tweet
242, 814530161257443328,2156,9629,original tweet
244, 813812741911748608,16267,40402,original tweet
245, 813217897535406080,8476,20783,original tweet
246, 813187593374461952,5096,22085,original tweet
247, 813157409116065792,2557,8588,original tweet
248, 813130366689148928,513,4968,original tweet
249, 813112105746448384,3225,11515,original tweet
250, 813081950185472002,3220,10989,original tweet
251, 813051746834595840,8503,23337,original tweet
253, 812503143955202048,1424,6787,original tweet
254, 812372279581671427,4252,15224,original tweet
255, 811744202451197953,1884,8429,original tweet
256, 811627233043480576,3650,14265,original tweet
257, 810984652412424192,1655,5927,original tweet
258, 810657578271330305,3057,12192,original tweet
259, 810254108431155201,3901,16380,original tweet
261, 809220051211603969,6554,22246,original tweet
262, 808838249661788160,3536,11271,original tweet
263, 808501579447930884,3007,12595,original tweet
265, 808001312164028416,4098,14015,original tweet
266, 807106840509214720,56625,107015,original tweet
267, 807010152071229440,4418,14514,original tweet
269, 806542213899489280,2752,11363,original tweet
270, 806219024703037440,1388,7145,original tweet
271, 805932879469572096,2209,9178,original tweet
273, 805487436403003392,2929,9773,original tweet
274, 804738756058218496,4480,15326,original tweet
276, 803773340896923648,3220,11203,original tweet
277, 803638050916102144,4828,12270,original tweet
279, 802952499103731712,2336,10085,original tweet
280, 802600418706604034,1714,7938,original tweet
281, 802323869084381190,6808,18124,original tweet
284, 801854953262350336,275,1958,original tweet
285, 801285448605831168,960,6802,original tweet
287, 800859414831898624,113,778,original tweet
288, 800751577355128832,3214,11701,original tweet
289, 800459316964663297,2489,10538,original tweet
290, 800388270626521089,3265,12456,original tweet
291, 800141422401830912,2980,17092,original tweet
293, 799422933579902976,2213,8965,original tweet
294, 799297110730567681,3227,11065,original tweet
295, 798933969379225600,5203,14712,original tweet
303, 797971864723324932,3652,13018,original tweet
304, 797236660651966464,7726,22328,original tweet
306, 796759840936919040,3562,13256,original tweet
307, 796484825502875648,2042,8472,original tweet
309, 796125600683540480,1846,2666,original tweet
310, 796080075804475393,2703,9469,original tweet
311, 795464331001561088,27728,55683,original tweet
312, 795076730285391872,6288,18139,original tweet
313, 794926597468000259,2697,11492,original tweet
314, 794332329137291264,3088,10686,original tweet
315, 793962221541933056,5711,18910,original tweet
317, 793500921481273345,2786,11953,original tweet
318, 793271401113350145,2763,9677,original tweet
319, 793241302385262592,3812,11780,original tweet
320, 793210959003287553,3301,9997,original tweet
321, 793180763617361921,2310,7740,original tweet
322, 793150605191548928,1984,6909,original tweet
323, 793120401413079041,4551,14202,original tweet
324, 792883833364439040,4964,12666,original tweet
325, 792394556390137856,4998,15128,original tweet
328, 791672322847637504,3661,13129,original tweet
329, 791312159183634433,2963,9841,original tweet
330, 790987426131050500,2483,11089,original tweet
332, 790581949425475584,8183,22473,original tweet
333, 790277117346975746,3732,14081,original tweet
334, 789986466051088384,2704,10369,original tweet
335, 789903600034189313,4858,11673,original tweet
336, 789599242079838210,2279,7620,original tweet
337, 789314372632018944,57281,118468,original tweet
338, 789268448748703744,3014,10196,original tweet
339, 788908386943430656,14409,30653,original tweet
341, 788178268662984705,2488,8100,original tweet
343, 787810552592695296,3540,9717,original tweet
344, 787397959788929025,3300,12120,original tweet
347, 786664955043049472,2996,11957,original tweet
348, 786363235746385920,4072,12189,original tweet
349, 786233965241827333,5571,17178,original tweet
351, 785872687017132033,2130,7489,original tweet
352, 785533386513321988,2334,10183,original tweet
353, 785264754247995392,1911,8128,original tweet
354, 784826020293709826,3712,11310,original tweet
355, 784431430411685888,1491,6329,original tweet
356, 784057939640352768,12953,33505,original tweet
357, 783821107061198850,2269,8209,original tweet
358, 783466772167098368,2608,9468,original tweet
360, 783085703974514689,2565,9112,original tweet
361, 782747134529531904,1604,8310,original tweet
362, 782598640137187329,2184,8694,original tweet
364, 781661882474196992,3129,11634,original tweet
365, 781524693396357120,6426,23163,original tweet
366, 781251288990355457,2458,9428,original tweet
367, 780931614150983680,8536,24192,original tweet
368, 780800785462489090,1505,6141,original tweet
369, 780543529827336192,2032,7040,original tweet
371, 780192070812196864,2589,9712,original tweet
372, 780074436359819264,5815,13723,original tweet
373, 779377524342161408,3613,9831,original tweet
374, 779123168116150273,4207,13206,original tweet
375, 778990705243029504,8437,22342,original tweet
376, 778764940568104960,426,955,original tweet
377, 778650543019483137,1729,6430,original tweet
378, 778408200802557953,5023,15135,original tweet
379, 778383385161035776,1271,6515,original tweet
380, 778039087836069888,3065,9417,original tweet
382, 777684233540206592,3403,12518,original tweet
383, 777621514455814149,2910,9742,original tweet
385, 776477788987613185,3249,9858,original tweet
386, 776218204058357768,18497,33345,original tweet
387, 776113305656188928,5068,13102,original tweet
389, 775733305207554048,4627,15413,original tweet
390, 775364825476165632,3472,8295,original tweet
392, 774757898236878852,2035,9462,original tweet
393, 774314403806253056,6478,24167,original tweet
394, 773922284943896577,1999,7110,original tweet
395, 773670353721753600,1501,5935,original tweet
397, 773247561583001600,3699,10414,original tweet
398, 772877495989305348,4501,9555,original tweet
400, 772193107915964416,1612,6665,original tweet
401, 772117678702071809,848,4165,original tweet
402, 772102971039580160,1065,4448,original tweet
403, 771770456517009408,3924,13356,original tweet
404, 771380798096281600,5912,11746,original tweet
405, 771136648247640064,3357,10223,original tweet
406, 771014301343748096,1782,7032,original tweet
407, 770772759874076672,1626,5749,original tweet
408, 770655142660169732,2013,8130,original tweet
409, 770293558247038976,1718,6923,original tweet
410, 770069151037685760,2651,8385,original tweet
411, 769695466921623552,1926,7101,original tweet
412, 769212283578875904,1969,5980,original tweet
414, 768609597686943744,1382,4580,original tweet
416, 768193404517830656,4080,12157,original tweet
417, 767754930266464257,6221,17814,original tweet
418, 767191397493538821,4406,13643,original tweet
420, 766714921925144576,438,2872,original tweet
421, 766423258543644672,1825,6671,original tweet
423, 766008592277377025,571,4149,original tweet
424, 765669560888528897,1407,5760,original tweet
425, 765371061932261376,2475,7842,original tweet
426, 764857477905154048,2029,7099,original tweet
427, 763956972077010945,61,812,original tweet
428, 763183847194451968,1702,6004,original tweet
429, 763103485927849985,2602,8163,original tweet
430, 762471784394268675,7612,12571,original tweet
431, 762316489655476224,1298,5350,original tweet
432, 761976711479193600,2310,5992,original tweet
433, 761745352076779520,979,4707,original tweet
434, 761599872357261312,1336,4578,original tweet
435, 761334018830917632,1669,5792,original tweet
436, 761227390836215808,1775,5908,original tweet
437, 760893934457552897,1104,4228,original tweet
438, 760641137271070720,1481,5485,original tweet
439, 760521673607086080,1608,4681,original tweet
440, 760252756032651264,995,4338,original tweet
442, 759923798737051648,6521,16284,original tweet
443, 759793422261743616,2173,6620,original tweet
444, 759557299618865152,1341,5202,original tweet
445, 759446261539934208,315,287,original tweet
447, 759047813560868866,2302,7227,original tweet
448, 758828659922702336,4376,12376,original tweet
449, 758474966123810816,1132,4227,original tweet
450, 758405701903519748,2204,5756,original tweet
451, 758099635764359168,11550,21302,original tweet
452, 757741869644341248,3710,7613,original tweet
453, 757725642876129280,1391,5022,original tweet
455, 757400162377592832,7759,16743,original tweet
456, 757354760399941633,1637,4995,original tweet
457, 756939218950160384,2295,7342,original tweet
458, 756526248105566208,4169,11506,original tweet
459, 756288534030475264,15071,28519,original tweet
460, 755955933503782912,3285,8092,original tweet
461, 755110668769038337,12621,23446,original tweet
462, 754856583969079297,2870,7616,original tweet
463, 754482103782404096,2220,5852,original tweet
464, 754120377874386944,2670,8655,original tweet
465, 753655901052166144,2492,6458,original tweet
466, 753398408988139520,2186,6384,original tweet
468, 753039830821511168,24013,41080,original tweet
469, 752932432744185856,7798,13970,original tweet
471, 752660715232722944,1794,4878,original tweet
472, 752519690950500352,3917,8157,original tweet
474, 751950017322246144,1060,3415,original tweet
475, 751830394383790080,2227,6428,original tweet
476, 751598357617971201,3440,8699,original tweet
477, 751538714308972544,1445,5547,original tweet
478, 751251247299190784,6695,13791,original tweet
479, 751132876104687617,1480,5610,original tweet
480, 750719632563142656,5747,14621,original tweet
481, 750429297815552001,4947,14569,original tweet
482, 750381685133418496,39,758,original tweet
483, 750132105863102464,1440,3990,original tweet
484, 750101899009982464,959,3344,original tweet
485, 750071704093859840,3802,8653,original tweet
486, 750041628174217216,703,3502,original tweet
487, 750011400160841729,1035,3568,original tweet
488, 749981277374128128,2772,5569,original tweet
489, 749417653287129088,1904,6721,original tweet
490, 749395845976588288,3951,9488,original tweet
491, 749075273010798592,2360,6353,original tweet
492, 749036806121881602,896,3425,original tweet
493, 748932637671223296,2564,6461,original tweet
494, 748699167502000129,1814,5213,original tweet
495, 748575535303884801,2272,6696,original tweet
496, 748346686624440324,1413,5735,original tweet
497, 748324050481647620,867,4078,original tweet
498, 748220828303695873,8825,15549,original tweet
499, 747933425676525569,2894,7310,original tweet
500, 747844099428986880,851,3084,original tweet
501, 747651430853525504,179,1520,original tweet
502, 747600769478692864,619,2545,original tweet
503, 747512671126323200,1803,6110,original tweet
504, 747439450712596480,2184,5965,original tweet
505, 747219827526344708,1791,5792,original tweet
506, 747103485104099331,4548,10534,original tweet
507, 746872823977771008,2429,6593,original tweet
508, 746790600704425984,1806,5345,original tweet
509, 746726898085036033,2037,6648,original tweet
511, 746369468511756288,1854,6637,original tweet
512, 746056683365994496,931,3904,original tweet
513, 745712589599014916,2636,7652,original tweet
514, 745422732645535745,2768,9412,original tweet
515, 745074613265149952,3976,8605,original tweet
516, 744995568523612160,716,3277,original tweet
517, 744709971296780288,1771,6150,original tweet
518, 744234799360020481,79515,131075,original tweet
519, 743980027717509120,1231,4551,original tweet
521, 743595368194129920,7445,20275,original tweet
522, 743510151680958465,4185,8671,original tweet
523, 743222593470234624,2164,6792,original tweet
524, 742534281772302336,4011,7744,original tweet
525, 742465774154047488,4382,7916,original tweet
526, 742385895052087300,2266,7457,original tweet
527, 742150209887731712,1783,5661,original tweet
528, 741743634094141440,3144,8945,original tweet
529, 741303864243200000,3650,9631,original tweet
530, 741067306818797568,3520,10342,original tweet
531, 740711788199743490,1062,3736,original tweet
532, 740676976021798912,7724,19881,original tweet
533, 740365076218183684,495,2727,original tweet
534, 740214038584557568,2220,7335,original tweet
535, 739932936087216128,1217,4443,original tweet
536, 739623569819336705,1547,4185,original tweet
537, 739544079319588864,24319,43694,original tweet
538, 739238157791694849,52360,75163,original tweet
539, 738885046782832640,1283,4127,original tweet
540, 738537504001953792,1759,5575,original tweet
541, 738184450748633089,1360,4727,original tweet
542, 738156290900254721,748,2768,original tweet
543, 737800304142471168,3904,10943,original tweet
544, 737445876994609152,5048,11302,original tweet
545, 737310737551491075,8329,16040,original tweet
546, 736392552031657984,8407,19450,original tweet
547, 736225175608430592,3115,8901,original tweet
548, 735991953473572864,1283,3934,original tweet
549, 735635087207878657,2659,6776,original tweet
550, 735256018284875776,993,3675,original tweet
551, 734912297295085568,572,2993,original tweet
552, 734776360183431168,608,2742,original tweet
553, 733828123016450049,881,3926,original tweet
554, 733482008106668032,1065,3438,original tweet
555, 733109485275860992,17621,44619,original tweet
556, 732726085725589504,1003,3855,original tweet
557, 732375214819057664,2838,8832,original tweet
558, 731285275100512256,1090,3798,original tweet
559, 730924654643314689,2234,6682,original tweet
560, 730427201120833536,1176,3809,original tweet
561, 730196704625098752,2172,5339,original tweet
562, 729838605770891264,431,1856,original tweet
563, 729463711119904772,2586,6340,original tweet
564, 728986383096946689,917,3460,original tweet
565, 728751179681943552,757,3032,original tweet
566, 728409960103686147,2269,5383,original tweet
567, 728046963732717569,1328,4722,original tweet
568, 728015554473250816,1219,4479,original tweet
569, 727644517743104000,1962,6431,original tweet
570, 727314416056803329,834,3623,original tweet
571, 727175381690781696,1540,4209,original tweet
572, 726935089318363137,2738,7496,original tweet
573, 726828223124897792,1124,3882,original tweet
574, 725842289046749185,2970,7691,original tweet
575, 725729321944506368,2009,5646,original tweet
576, 724983749226668032,1462,4040,original tweet
577, 724405726123311104,1847,5800,original tweet
578, 724046343203856385,620,2901,original tweet
579, 723912936180330496,1374,4236,original tweet
580, 723673163800948736,1011,3291,original tweet
581, 722974582966214656,1764,4493,original tweet
582, 721503162398597120,2124,5086,original tweet
583, 720785406564900865,866,3400,original tweet
584, 720415127506415616,1681,4503,original tweet
585, 720340705894408192,1098,3131,original tweet
586, 720043174954147842,2253,5332,original tweet
587, 719704490224398336,1645,4974,original tweet
588, 719367763014393856,827,3022,original tweet
589, 719332531645071360,1078,3711,original tweet
590, 718939241951195136,1973,5720,original tweet
591, 718613305783398402,542,2669,original tweet
592, 718460005985447936,602,2846,original tweet
593, 718246886998687744,565,2115,original tweet
594, 717841801130979328,670,2660,original tweet
595, 717537687239008257,2069,6281,original tweet
596, 717421804990701568,945,3446,original tweet
597, 717009362452090881,1102,3583,original tweet
598, 716791146589110272,1474,5204,original tweet
599, 716447146686459905,6643,14327,original tweet
600, 716285507865542656,1225,3041,original tweet
601, 715928423106027520,987,3485,original tweet
602, 715733265223708672,1920,5093,original tweet
603, 715696743237730304,1454,4257,original tweet
604, 715360349751484417,1772,5955,original tweet
605, 715220193576927233,736,2630,original tweet
606, 715009755312439296,1392,4550,original tweet
607, 714962719905021952,4816,8028,original tweet
608, 714631576617938945,1122,3571,original tweet
609, 714485234495041536,1313,2962,original tweet
610, 714251586676113411,940,3570,original tweet
611, 714141408463036416,1569,4673,original tweet
612, 713909862279876608,616,2078,original tweet
613, 713761197720473600,1541,5308,original tweet
614, 713177543487135744,3183,7854,original tweet
615, 712809025985978368,7602,20378,original tweet
616, 712668654853337088,1367,4531,original tweet
617, 712309440758808576,135,574,original tweet
618, 712092745624633345,1016,3211,original tweet
619, 712065007010385924,700,2451,original tweet
620, 711968124745228288,2601,8776,original tweet
621, 711732680602345472,4653,9756,original tweet
622, 711652651650457602,1037,4228,original tweet
623, 711306686208872448,819,3596,original tweet
624, 710997087345876993,1561,4960,original tweet
625, 710833117892898816,606,2937,original tweet
626, 710609963652087808,2624,5227,original tweet
627, 710296729921429505,833,2574,original tweet
628, 710272297844797440,1425,4945,original tweet
629, 710153181850935296,1006,3153,original tweet
630, 710117014656950272,2233,5999,original tweet
631, 709901256215666688,112,732,original tweet
632, 709566166965075968,1367,3865,original tweet
633, 709519240576036864,277,1620,original tweet
634, 709409458133323776,788,2855,original tweet
635, 709207347839836162,6567,13755,original tweet
636, 709179584944730112,763,2213,original tweet
637, 709042156699303936,1864,5197,original tweet
638, 708845821941387268,1015,3226,original tweet
639, 708810915978854401,7848,18036,original tweet
640, 708711088997666817,834,2790,original tweet
641, 708469915515297792,926,3357,original tweet
642, 708356463048204288,1520,3929,original tweet
643, 708149363256774660,1727,4672,original tweet
644, 708119489313951744,1102,2937,original tweet
645, 708026248782585858,2166,4799,original tweet
646, 707983188426153984,2,52,original tweet
647, 707776935007539200,1079,3593,original tweet
648, 707738799544082433,2785,4495,original tweet
649, 707629649552134146,997,2834,original tweet
650, 707420581654872064,789,2499,original tweet
651, 707387676719185920,1490,3835,original tweet
652, 707315916783140866,727,2698,original tweet
653, 707059547140169728,759,2796,original tweet
654, 707021089608753152,1540,4433,original tweet
655, 706904523814649856,8830,15961,original tweet
656, 706681918348251136,1103,3627,original tweet
657, 706593038911545345,718,2363,original tweet
658, 706516534877929472,1150,3404,original tweet
659, 706310011488698368,9034,23443,original tweet
660, 706265994973601792,1030,2979,original tweet
661, 706166467411222528,1819,5636,original tweet
662, 705975130514706432,842,3397,original tweet
663, 705898680587526145,643,2597,original tweet
664, 705591895322394625,1308,3475,original tweet
665, 705442520700944385,1859,4877,original tweet
666, 705239209544720384,854,3290,original tweet
667, 705102439679201280,585,2342,original tweet
668, 704871453724954624,1245,4585,original tweet
669, 704847917308362754,1727,5594,original tweet
670, 704761120771465216,3257,7283,original tweet
671, 704491224099647488,97,840,original tweet
672, 704364645503647744,3999,8804,original tweet
673, 704134088924532736,519,1653,original tweet
674, 704054845121142784,1028,3201,original tweet
675, 703769065844768768,1276,3621,original tweet
676, 703611486317502464,1709,4229,original tweet
677, 703407252292673536,786,2685,original tweet
678, 703356393781329922,429,2085,original tweet
679, 703079050210877440,3494,8064,original tweet
680, 702932127499816960,811,2825,original tweet
681, 702684942141153280,1215,3516,original tweet
682, 702598099714314240,3712,11332,original tweet
683, 702332542343577600,1755,3491,original tweet
684, 702276748847800320,860,2706,original tweet
685, 701981390485725185,1106,3755,original tweet
686, 701889187134500865,1558,3905,original tweet
687, 701601587219795968,523,2299,original tweet
688, 701545186879471618,680,2902,original tweet
689, 700890391244103680,653,2437,original tweet
690, 700847567345688576,558,2637,original tweet
691, 700747788515020802,10673,25130,original tweet
692, 700505138482569216,646,2487,original tweet
693, 700167517596164096,836,2903,original tweet
694, 700143752053182464,3129,8282,original tweet
695, 700029284593901568,661,2262,original tweet
696, 699801817392291840,1088,3345,original tweet
697, 699779630832685056,1397,3039,original tweet
698, 699691744225525762,5174,11252,original tweet
699, 699434518667751424,577,2384,original tweet
700, 699413908797464576,688,2258,original tweet
701, 699323444782047232,983,3466,original tweet
702, 699079609774645248,745,2677,original tweet
703, 699060279947165696,2059,4173,original tweet
704, 698989035503689728,1113,3701,original tweet
705, 698907974262222848,699,2787,original tweet
706, 698703483621523456,425,1608,original tweet
707, 698549713696649216,704,2536,original tweet
708, 698342080612007937,1074,2485,original tweet
709, 698195409219559425,6750,18408,original tweet
710, 697995514407682048,372,1665,original tweet
711, 697943111201378304,776,2638,original tweet
712, 697630435728322560,614,1909,original tweet
713, 697596423848730625,1425,3306,original tweet
714, 697516214579523584,1282,2281,original tweet
715, 697463031882764288,1552,3748,original tweet
716, 697259378236399616,1136,3611,original tweet
717, 697242256848379904,751,2753,original tweet
718, 696894894812565505,758,2594,original tweet
719, 696877980375769088,802,2689,original tweet
720, 696744641916489729,1069,2293,original tweet
721, 696518437233913856,1887,4274,original tweet
722, 696488710901260288,1166,2788,original tweet
723, 696100768806522880,750,2125,original tweet
724, 695794761660297217,880,3490,original tweet
725, 695629776980148225,2377,5020,original tweet
726, 695409464418041856,4017,9460,original tweet
727, 695095422348574720,684,2888,original tweet
728, 695064344191721472,685,1771,original tweet
729, 694925794720792577,1043,2965,original tweet
730, 694669722378485760,13517,26068,original tweet
731, 694352839993344000,700,2244,original tweet
732, 694329668942569472,569,2203,original tweet
733, 694183373896572928,1040,3236,original tweet
734, 693993230313091072,457,2044,original tweet
735, 693647888581312512,673,2961,original tweet
736, 693642232151285760,472,2790,original tweet
737, 693622659251335168,422,1691,original tweet
738, 693582294167244802,292,1802,original tweet
739, 693280720173801472,1403,3669,original tweet
740, 693262851218264065,568,2459,original tweet
741, 693155686491000832,3622,8668,original tweet
742, 693095443459342336,523,2056,original tweet
743, 692905862751522816,998,2683,original tweet
744, 692894228850999298,910,2511,original tweet
745, 692752401762250755,4124,7496,original tweet
746, 692535307825213440,1529,3504,original tweet
747, 692423280028966913,265,1618,original tweet
748, 692187005137076224,929,2768,original tweet
749, 692142790915014657,438,1798,original tweet
750, 692017291282812928,1081,3153,original tweet
751, 691793053716221953,4732,8910,original tweet
752, 691675652215414786,577,2116,original tweet
753, 691459709405118465,1294,4449,original tweet
754, 691416866452082688,8689,21253,original tweet
755, 691096613310316544,1019,3253,original tweet
756, 690989312272396288,3282,6513,original tweet
757, 690938899477221376,2245,4536,original tweet
758, 690735892932222976,1442,4134,original tweet
759, 690690673629138944,898,2547,original tweet
760, 690607260360429569,19,313,original tweet
761, 690400367696297985,509,2041,original tweet
762, 690360449368465409,1006,2925,original tweet
763, 690248561355657216,477,1845,original tweet
764, 690015576308211712,836,2740,original tweet
765, 689999384604450816,424,1561,original tweet
766, 689977555533848577,502,1490,original tweet
767, 689877686181715968,1344,3323,original tweet
768, 689661964914655233,1052,3501,original tweet
769, 689623661272240129,748,2467,original tweet
770, 689557536375177216,519,2257,original tweet
771, 689289219123089408,1056,2476,original tweet
772, 689280876073582592,819,2197,original tweet
773, 689255633275777024,1212,2805,original tweet
774, 689143371370250240,579,2232,original tweet
775, 688908934925697024,874,2310,original tweet
776, 688894073864884227,792,2462,original tweet
777, 688804835492233216,227,1043,original tweet
778, 688547210804498433,789,2862,original tweet
779, 688385280030670848,5035,10180,original tweet
780, 688179443353796608,669,2328,original tweet
781, 688064179421470721,408,1878,original tweet
782, 687826841265172480,1292,2989,original tweet
783, 687807801670897665,801,2625,original tweet
784, 687704180304273409,950,2660,original tweet
785, 687494652870668288,654,2104,original tweet
786, 687476254459715584,619,2187,original tweet
787, 687399393394311168,702,2081,original tweet
788, 687312378585812992,2146,4777,original tweet
789, 687124485711986689,577,2371,original tweet
790, 687102708889812993,1124,2571,original tweet
791, 686947101016735744,3582,9433,original tweet
792, 686749460672679938,1666,3812,original tweet
793, 686683045143953408,912,3072,original tweet
794, 686606069955735556,607,2071,original tweet
795, 686386521809772549,996,3553,original tweet
796, 686358356425093120,776,2398,original tweet
797, 686050296934563840,836,2420,original tweet
798, 686034024800862208,1324,3424,original tweet
799, 686003207160610816,735,2009,original tweet
800, 685943807276412928,696,1801,original tweet
801, 685681090388975616,140,2069,original tweet
802, 685663452032069632,1656,3557,original tweet
803, 685547936038666240,17465,35052,original tweet
804, 685325112850124800,4535,10471,original tweet
805, 685315239903100929,1234,3676,original tweet
806, 685268753634967552,1371,3419,original tweet
807, 685169283572338688,1620,4489,original tweet
808, 684959798585110529,3487,7004,original tweet
809, 684926975086034944,552,3849,original tweet
810, 684902183876321280,605,2053,original tweet
811, 684830982659280897,24514,38551,original tweet
812, 684594889858887680,4016,9843,original tweet
813, 684567543613382656,1418,3312,original tweet
814, 684481074559381504,1320,4249,original tweet
815, 684241637099323392,3727,8999,original tweet
816, 684222868335505415,1563,4225,original tweet
817, 684195085588783105,595,2108,original tweet
818, 684177701129875456,764,2215,original tweet
819, 684122891630342144,539,2176,original tweet
820, 683857920510050305,1262,4163,original tweet
821, 683849932751646720,1116,2896,original tweet
822, 683828599284170753,1195,3053,original tweet
823, 683742671509258241,3781,7162,original tweet
824, 683498322573824003,1095,3469,original tweet
825, 683462770029932544,761,2676,original tweet
826, 683391852557561860,2702,8356,original tweet
827, 683142553609318400,1173,3162,original tweet
828, 683098815881154561,736,2361,original tweet
829, 683030066213818368,832,2370,original tweet
830, 682808988178739200,210,1953,original tweet
831, 682750546109968385,494,1674,original tweet
832, 682662431982772225,1207,3326,original tweet
833, 682429480204398592,1320,3769,original tweet
834, 682393905736888321,773,2441,original tweet
835, 682303737705140231,1135,3389,original tweet
836, 682242692827447297,1341,3566,original tweet
837, 682059653698686977,1915,5442,original tweet
838, 682032003584274432,2294,7223,original tweet
839, 681981167097122816,1161,3043,original tweet
840, 681694085539872773,4581,14010,original tweet
841, 681654059175129088,1045,2903,original tweet
842, 681579835668455424,1489,3893,original tweet
843, 681340665377193984,313,1803,original tweet
844, 681320187870711809,863,2918,original tweet
845, 681297372102656000,1091,3490,original tweet
846, 681261549936340994,308,1597,original tweet
847, 681231109724700672,540,2629,original tweet
848, 680970795137544192,749,2665,original tweet
849, 680940246314430465,1225,3544,original tweet
850, 680913438424612864,705,2609,original tweet
851, 680836378243002368,1513,3766,original tweet
852, 680801747103793152,925,2600,original tweet
853, 680609293079592961,816,2906,original tweet
854, 680497766108381184,2162,4639,original tweet
855, 680473011644985345,844,2778,original tweet
856, 680221482581123072,329,1598,original tweet
857, 680191257256136705,577,2356,original tweet
858, 680161097740095489,828,2538,original tweet
859, 680130881361686529,1078,2519,original tweet
860, 680100725817409536,1554,3891,original tweet
861, 680070545539371008,994,2818,original tweet
862, 679877062409191424,726,2155,original tweet
863, 679862121895714818,706,2678,original tweet
864, 679844490799091713,887,2593,original tweet
865, 679777920601223168,1281,3390,original tweet
866, 679729593985699840,937,2367,original tweet
867, 679530280114372609,2347,5208,original tweet
868, 679511351870550016,1461,3711,original tweet
869, 679475951516934144,728,2304,original tweet
870, 679405845277462528,1364,2594,original tweet
871, 679148763231985668,1163,3028,original tweet
872, 679111216690831360,2893,6514,original tweet
873, 679047485189439488,781,2460,original tweet
874, 678991772295516161,1333,2537,original tweet
875, 678800283649069056,1018,2810,original tweet
876, 678774928607469569,1043,3037,original tweet
877, 678764513869611008,544,1788,original tweet
878, 678740035362037760,1926,4099,original tweet
879, 678675843183484930,1680,3155,original tweet
880, 678446151570427904,1785,4358,original tweet
881, 678410210315247616,2072,4640,original tweet
882, 678396796259975168,478,1731,original tweet
883, 678380236862578688,1020,2655,original tweet
884, 678334497360859136,304,1427,original tweet
885, 678255464182861824,418,1726,original tweet
886, 678021115718029313,7148,15018,original tweet
887, 677918531514703872,463,1476,original tweet
888, 677716515794329600,1104,3323,original tweet
889, 677698403548192770,363,1332,original tweet
890, 677673981332312066,1677,3603,original tweet
891, 677644091929329666,886,2040,original tweet
892, 677565715327688705,513,1409,original tweet
893, 677547928504967168,4076,7568,original tweet
894, 677335745548390400,2017,3328,original tweet
895, 677331501395156992,265,1189,original tweet
896, 677314812125323265,611,1799,original tweet
897, 677269281705472000,790,2164,original tweet
898, 677187300187611136,1033,2981,original tweet
899, 676957860086095872,907,2395,original tweet
900, 676948236477857792,980,2354,original tweet
901, 676942428000112642,855,2261,original tweet
902, 676916996760600576,2002,3231,original tweet
903, 676864501615042560,808,2294,original tweet
904, 676819651066732545,741,1957,original tweet
905, 676776431406465024,2249,5405,original tweet
906, 676613908052996102,219,1183,original tweet
907, 676603393314578432,440,1280,original tweet
908, 676590572941893632,142,1001,original tweet
909, 676582956622721024,312,1310,original tweet
910, 676533798876651520,621,2025,original tweet
911, 676470639084101634,5224,12616,original tweet
912, 676430933382295552,385,1526,original tweet
913, 676237365392908289,331,1335,original tweet
914, 676215927814406144,661,1881,original tweet
915, 676146341966438401,744,2077,original tweet
916, 676101918813499392,1284,3042,original tweet
917, 676089483918516224,483,1431,original tweet
918, 675891555769696257,976,2297,original tweet
919, 675878199931371520,1570,4531,original tweet
920, 675853064436391936,1460,2927,original tweet
921, 675845657354215424,1000,2477,original tweet
922, 675820929667219457,260,1140,original tweet
923, 675781562965868544,537,1750,original tweet
924, 675710890956750848,928,2046,original tweet
925, 675706639471788032,106,693,original tweet
926, 675531475945709568,428,1276,original tweet
927, 675517828909424640,507,1414,original tweet
928, 675497103322386432,1443,3397,original tweet
929, 675483430902214656,1081,1985,original tweet
930, 675372240448454658,563,1838,original tweet
931, 675354435921575936,18963,35178,original tweet
932, 675334060156301312,1436,3007,original tweet
933, 675153376133427200,2734,6072,original tweet
934, 675147105808306176,273,1026,original tweet
935, 675145476954566656,1011,2305,original tweet
936, 675113801096802304,877,2120,original tweet
937, 675109292475830276,1259,3006,original tweet
938, 675015141583413248,1335,2918,original tweet
939, 675003128568291329,517,1672,original tweet
940, 674805413498527744,391,934,original tweet
941, 674793399141146624,1225,2697,original tweet
942, 674788554665512960,230,871,original tweet
943, 674774481756377088,532,1213,original tweet
944, 674764817387900928,263,852,original tweet
945, 674752233200820224,516,1580,original tweet
946, 674742531037511680,55,527,original tweet
947, 674737130913071104,103,693,original tweet
948, 674670581682434048,729,1751,original tweet
949, 674646392044941312,557,1533,original tweet
950, 674638615994089473,650,1806,original tweet
951, 674606911342424069,115,1013,original tweet
952, 674447403907457024,393,1137,original tweet
953, 674422304705744896,592,1536,original tweet
954, 674410619106390016,515,1289,original tweet
955, 674372068062928900,346,931,original tweet
956, 674318007229923329,570,1516,original tweet
957, 674291837063053312,6533,15817,original tweet
958, 674269164442398721,255,961,original tweet
959, 674262580978937856,498,1391,original tweet
960, 674082852460433408,186,804,original tweet
961, 674063288070742018,2450,6769,original tweet
962, 674051556661161984,530,1564,original tweet
963, 674042553264685056,142,772,original tweet
964, 674036086168010753,240,906,original tweet
965, 674019345211760640,340,1208,original tweet
966, 674008982932058114,393,1297,original tweet
967, 673919437611909120,401,1251,original tweet
968, 673887867907739649,274,994,original tweet
969, 673715861853720576,2303,3815,original tweet
970, 673709992831262724,306,908,original tweet
971, 673707060090052608,434,1177,original tweet
972, 673700254269775872,638,1532,original tweet
973, 673689733134946305,700,1855,original tweet
974, 673686845050527744,479,1544,original tweet
975, 673662677122719744,397,1339,original tweet
976, 673636718965334016,404,1194,original tweet
977, 673583129559498752,403,1273,original tweet
978, 673576835670777856,613,1482,original tweet
979, 673359818736984064,728,1558,original tweet
980, 673352124999274496,597,1761,original tweet
981, 673345638550134785,1422,2700,original tweet
982, 673342308415348736,649,1362,original tweet
983, 673317986296586240,293,924,original tweet
984, 673270968295534593,400,1134,original tweet
985, 673213039743795200,929,2410,original tweet
986, 672997845381865473,786,2092,original tweet
987, 672988786805112832,314,1039,original tweet
988, 672980819271634944,1079,1930,original tweet
989, 672970152493887488,391,1019,original tweet
990, 672964561327235073,701,1530,original tweet
991, 672898206762672129,459,944,original tweet
992, 672877615439593473,405,1096,original tweet
993, 672828477930868736,533,1343,original tweet
994, 672622327801233409,542,1377,original tweet
995, 672609152938721280,424,1180,original tweet
996, 672594978741354496,661,1411,original tweet
997, 672591271085670400,207,782,original tweet
998, 672523490734551040,189,696,original tweet
999, 672482722825261057,665,1221,original tweet
1000, 672475084225949696,770,1529,original tweet
1001, 672272411274932228,3677,6888,original tweet
1002, 672264251789176834,383,1212,original tweet
1003, 672254177670729728,800,1515,original tweet
1004, 672245253877968896,169,733,original tweet
1005, 672231046314901505,1089,1956,original tweet
1006, 672205392827572224,1270,2414,original tweet
1007, 672160042234327040,395,918,original tweet
1008, 672125275208069120,1253,2578,original tweet
1009, 672082170312290304,402,1003,original tweet
1010, 671896809300709376,4519,9016,original tweet
1011, 671882082306625538,1488,3693,original tweet
1012, 671874878652489728,601,1330,original tweet
1013, 671855973984772097,502,977,original tweet
1014, 671768281401958400,572,1269,original tweet
1015, 671744970634719232,841,1430,original tweet
1016, 671735591348891648,819,1534,original tweet
1017, 671561002136281088,7931,13679,original tweet
1018, 671547767500775424,658,1444,original tweet
1019, 671542985629241344,616,1166,original tweet
1020, 671536543010570240,441,1253,original tweet
1021, 671528761649688577,280,896,original tweet
1022, 671518598289059840,319,1010,original tweet
1023, 671504605491109889,3866,7495,original tweet
1024, 671488513339211776,516,1073,original tweet
1025, 671485057807351808,253,806,original tweet
1026, 671362598324076544,325,1193,original tweet
1027, 671355857343524864,119,508,original tweet
1028, 671186162933985280,241,788,original tweet
1029, 671166507850801152,390,931,original tweet
1030, 671159727754231808,89,401,original tweet
1031, 671151324042559489,166,714,original tweet
1032, 671141549288370177,713,1246,original tweet
1033, 671134062904504320,212,796,original tweet
1034, 671115716440031232,842,1436,original tweet
1035, 670995969505435648,317,1175,original tweet
1036, 670840546554966016,213,634,original tweet
1037, 670833812859932673,135,474,original tweet
1038, 670826280409919488,4485,5961,original tweet
1039, 670822709593571328,105,647,original tweet
1040, 670811965569282048,295,1202,original tweet
1041, 670804601705242624,1035,2098,original tweet
1042, 670797304698376195,262,780,original tweet
1043, 670789397210615808,255,700,original tweet
1044, 670783437142401025,431,872,original tweet
1045, 670780561024270336,317,831,original tweet
1046, 670764103623966721,466,1154,original tweet
1047, 670733412878163972,558,1030,original tweet
1048, 670717338665226240,547,1301,original tweet
1049, 670691627984359425,266,632,original tweet
1050, 670676092097810432,45,267,original tweet
1051, 670474236058800128,835,1635,original tweet
1052, 670465786746662913,608,1048,original tweet
1053, 670449342516494336,729,1264,original tweet
1054, 670442337873600512,213,690,original tweet
1055, 670434127938719744,708,1501,original tweet
1056, 670428280563085312,694,1484,original tweet
1057, 670421925039075328,709,1415,original tweet
1058, 670417414769758208,350,604,original tweet
1059, 670408998013820928,249,600,original tweet
1060, 670385711116361728,234,593,original tweet
1061, 670361874861563904,71,344,original tweet
1062, 670319130621435904,1359,4110,original tweet
1063, 670290420111441920,315,750,original tweet
1064, 670086499208155136,275,740,original tweet
1065, 670073503555706880,874,1674,original tweet
1066, 670061506722140161,373,822,original tweet
1067, 670046952931721218,191,684,original tweet
1068, 670037189829525505,306,625,original tweet
1069, 669993076832759809,92,344,original tweet
1070, 669970042633789440,65,317,original tweet
1071, 669926384437997569,115,400,original tweet
1072, 669753178989142016,431,858,original tweet
1073, 669684865554620416,99,551,original tweet
1074, 669682095984410625,146,375,original tweet
1075, 669661792646373376,482,860,original tweet
1076, 669603084620980224,401,1006,original tweet
1077, 669583744538451968,1017,1587,original tweet
1078, 669571471778410496,1085,1684,original tweet
1079, 669564461267722241,133,413,original tweet
1080, 669375718304980992,792,1425,original tweet
1081, 669367896104181761,172,485,original tweet
1082, 669359674819481600,134,390,original tweet
1083, 669353438988365824,281,687,original tweet
1084, 669328503091937280,452,1081,original tweet
1085, 669324657376567296,223,525,original tweet
1086, 669214165781868544,183,468,original tweet
1087, 669037058363662336,336,698,original tweet
1088, 669006782128353280,269,610,original tweet
1089, 668994913074286592,254,468,original tweet
1090, 668989615043424256,356,726,original tweet
1091, 668986018524233728,183,578,original tweet
1092, 668979806671884288,382,842,original tweet
1093, 668967877119254528,25,161,original tweet
1094, 668955713004314625,77,300,original tweet
1095, 668902994700836864,107,338,original tweet
1096, 668872652652679168,322,566,original tweet
1097, 668826086256599040,150,467,original tweet
1098, 668779399630725120,409,749,original tweet
1099, 668645506898350081,588,962,original tweet
1100, 668641109086707712,573,1145,original tweet
1101, 668633411083464705,1788,3024,original tweet
1102, 668627278264475648,123,341,original tweet
1103, 668623201287675904,851,1551,original tweet
1104, 668614819948453888,341,654,original tweet
1105, 668567822092664832,62,265,original tweet
1106, 668542336805281792,231,497,original tweet
1107, 668528771708952576,242,496,original tweet
1108, 668496999348633600,146,436,original tweet
1109, 668480044826800133,162,491,original tweet
1110, 668297328638447616,319,656,original tweet
1111, 668286279830867968,149,535,original tweet
1112, 668268907921326080,261,592,original tweet
1113, 668248472370458624,523,1056,original tweet
1114, 668226093875376128,115,323,original tweet
1115, 668204964695683073,206,586,original tweet
1116, 668171859951755264,208,525,original tweet
1117, 668142349051129856,306,592,original tweet
1118, 667937095915278337,866,1356,original tweet
1119, 667915453470232577,59,222,original tweet
1120, 667902449697558528,396,905,original tweet
1121, 667885044254572545,530,868,original tweet
1122, 667873844930215936,440,667,original tweet
1123, 667861340749471744,86,253,original tweet
1124, 667806454573760512,535,1111,original tweet
1125, 667793409583771648,358,736,original tweet
1126, 667773195014021121,61,243,original tweet
1127, 667728196545200128,162,398,original tweet
1129, 667549055577362432,2454,6138,original tweet
1130, 667544320556335104,568,917,original tweet
1131, 667534815156183040,576,866,original tweet
1132, 667524857454854144,1198,1798,original tweet
1133, 667509364010450944,2272,7148,original tweet
1134, 667495797102141441,294,565,original tweet
1135, 667470559035432960,102,273,original tweet
1136, 667453023279554560,96,327,original tweet
1137, 667437278097252352,257,483,original tweet
1138, 667405339315146752,234,489,original tweet
1139, 667369227918143488,173,385,original tweet
1140, 667200525029539841,282,658,original tweet
1141, 667188689915760640,449,784,original tweet
1142, 667177989038297088,58,200,original tweet
1143, 667174963120574464,88,262,original tweet
1144, 667165590075940865,1241,2819,original tweet
1145, 667152164079423490,18285,49720,original tweet
1146, 667119796878725120,135,346,original tweet
1147, 667073648344346624,134,425,original tweet
1148, 667065535570550784,51,175,original tweet
1149, 667044094246576128,54,198,original tweet
1150, 666996132027977728,102,258,original tweet
1151, 666837028449972224,584,857,original tweet
1152, 666826780179869698,105,266,original tweet
1153, 666804364988780544,95,250,original tweet
1154, 666781792255496192,211,404,original tweet
1155, 666739327293083650,71,244,original tweet
1156, 666691418707132416,51,196,original tweet
1157, 666644823164719104,88,238,original tweet
1158, 666447344410484738,23,107,original tweet
1159, 666435652385423360,54,170,original tweet
1160, 666428276349472768,90,171,original tweet
1161, 666418789513326592,48,129,original tweet
1162, 666407126856765440,44,113,original tweet
1163, 666373753744588802,100,194,original tweet
1164, 666353288456101888,77,229,original tweet
1165, 666337882303524864,96,204,original tweet
1166, 666287406224695296,71,152,original tweet
1167, 666268910803644416,37,108,original tweet
1168, 666102155909144576,16,81,original tweet
1169, 666094000022159362,79,169,original tweet
1170, 666073100786774016,174,335,original tweet
1171, 666063827256086533,232,496,original tweet
1172, 666057090499244032,146,304,original tweet
1173, 666051853826850816,879,1253,original tweet
1174, 666049248165822465,41,111,original tweet
1175, 666033412701032449,47,128,original tweet
1176, 666020888022790149,532,2535,original tweet
